type,severity,l1_mean,l1_std,l1_count,ssim_mean,ssim_std,ssim_count,psnr_mean,psnr_std,psnr_count
blur,low,0.07429095244436872,0.024425876257385543,306,0.5708671467366562,0.12223018875646889,306,20.21454251981249,2.473945314978493,306
blur,medium,0.0767475327878606,0.026261226788852125,306,0.5688344404783124,0.12261060555873807,306,19.99298904144686,2.627061973146028,306
blur,high,0.07805471320703529,0.027537013573468713,306,0.5470045772350691,0.12443025506682329,306,19.809318103042305,2.549189233163712,306
clean,none,0.07567428910297247,0.0256445656712601,918,0.5636094262040259,0.1284768066895446,918,19.988374831629734,2.527714211433888,918
occlusion,low,0.0795799647809052,0.02462636690057174,305,0.5435181959730679,0.13055187141275715,305,19.332385772955224,2.3911618277599844,305
occlusion,medium,0.08931829067038707,0.027675211475028463,305,0.5084911173972927,0.12313971951386268,305,18.363236815030458,2.2749147813684405,305
occlusion,high,0.0999116850803133,0.02687698993122542,305,0.46592740509353703,0.11453137762350168,305,17.18156482196245,2.2105280989188723,305
salt_pepper,low,0.07387446546379257,0.023291192248248254,306,0.5612092961867651,0.1230163077830654,306,20.105406776752346,2.4191125174113166,306
salt_pepper,medium,0.0766314502525466,0.024367978990345478,306,0.5456756176122652,0.12512373386387265,306,19.878947357726254,2.463543975333973,306
salt_pepper,high,0.0773231941549217,0.023176081927683275,306,0.5430335243250809,0.11903559445445232,306,19.740552861706103,2.2206003492131736,306
