type,severity,l1_mean,l1_std,ssim_mean,ssim_std,psnr_mean,psnr_std
blur,high,0.04672056159576754,0.017102612301041854,0.7518790278559416,0.09248262251772182,24.106935148924784,2.766316351549197
blur,low,0.03928980192936519,0.01392817768588212,0.8237139442387749,0.06856493853990274,25.73740972568786,2.725385476365744
blur,medium,0.04170941815900257,0.016108792863414736,0.8014532705537634,0.08808844382421559,25.18026168361988,2.843258930859724
clean,none,0.008243794097021842,0.005356081072326968,0.9914894439685839,0.011704080482028823,40.04497797556692,4.269230948810726
occlusion,high,0.07227728918316911,0.021765014486378676,0.6187869578111367,0.09707887732393547,19.15666790321225,2.502888056451965
occlusion,low,0.04734948629238567,0.01651755270727647,0.7789394329805843,0.08208553018000653,22.902247503937268,2.766558367637001
occlusion,medium,0.05814156738094619,0.01894754920536128,0.6972644640774023,0.09463120552303862,21.30814335619817,2.48792982395476
salt_pepper,high,0.043414171760767895,0.014769129088699963,0.7760283532095891,0.07239829351539133,24.77894390330595,2.598837100058382
salt_pepper,low,0.041951119102342845,0.01404419702058593,0.8086711914321176,0.06840632775647994,25.060985527786553,2.6452867388095282
salt_pepper,medium,0.04402499890648851,0.015528966173261051,0.7888167938765358,0.07267517844467075,24.717041215086294,2.824900357665008
