condition,w_clean,w_salt_pepper,w_blur,w_occlusion
clean/none,0.8091688083894631,0.030879195535064456,0.09715287167627633,0.06279912515500792
salt_pepper/low,0.046376709241931345,0.834311363354228,0.07885479985498915,0.04045712549142004
salt_pepper/medium,0.03495696560765793,0.8751665147301418,0.06281537350778486,0.027061146206155517
salt_pepper/high,0.03312782565850059,0.8870424604883381,0.056134641487029645,0.023695074247038053
blur/low,0.17851440442932975,0.01577683722028156,0.7751757213298012,0.030533038992799966
blur/medium,0.11724960538589098,0.012388591958952495,0.8437947124437569,0.026567090412273127
blur/high,0.11813340506522484,0.012695240852076049,0.8418746906168321,0.027296662257582534
occlusion/low,0.12424755046911323,0.06185441466628528,0.03070728711661745,0.7831907439060876
occlusion/medium,0.010625838794932533,0.02440172787603052,0.004895913482418944,0.960076521654598
occlusion/high,0.0029677989696118927,0.008139277997209126,0.0016920292590684692,0.9872008925578634
